10024085-4	In patients with eating disorder, logarithmic values for <protein-id="P41159,A4D0Y8">Leptin</protein-id> were significantly correlated with the body fat mass (r = .828, P < .001), eating behavior score (r = .777, P < .001), and LH (r = .465, P < .001), FSH (r = .440, P < .001), T3 (r = .572, P < .001), <protein-id="P01308,I3WAC9">insulin</protein-id> (r = .410, P < .001), and <compound-id="5754">cortisol</compound-id> (r = -.389, P < .001) levels.	cortisol__Leptin__no_interaction	cortisol__insulin__no_interaction
10048132-4	Support for the TCDD-<protein-id="G3V6M2">AhR</protein-id>-mediated increases in ACTH concentrations is provided by the following observations: (1) ANF inhibited both the 1.3- to 2-fold TCDD-induced increase in basal medium and intracellular ACTH concentrations and the 30% TCDD-induced decrease in medium ACTH levels and the 1.2-fold increase in intracellular ACTH levels in <protein-id="P01143">corticotropin-releasing hormone</protein-id> (<protein-id="P01143">CRH</protein-id>)-stimulated cells, (2) <compound-id="80654">BNF</compound-id> increased basal medium (1.7-fold) and intracellular (1.3-fold) ACTH concentrations, (3) <compound-id="80654">BNF</compound-id> + TCDD demonstrated additivity by increasing basal medium (2.4-fold) and intracellular (1.7-fold) ACTH concentrations, (4) PCB increased basal medium (1.8- to 2.1-fold) and intracellular (1.3- to 1.8-fold) ACTH concentrations and inhibited medium ACTH secretion in <protein-id="P01143">CRH</protein-id> stimulated cells by 24-43%, and (5) HCB did not effect basal or <protein-id="P01143">CRH</protein-id> stimulated medium and intracellular ACTH concentrations.	BNF__AhR__no_interaction	BNF__CRH__no_interaction	BNF__corticotropin-releasing hormone__no_interaction
10052021-5	Plasma vitamin C concentrations increased significantly (p < 0.005) only in the group supplemented with vitamin C. Lipid peroxidation measured by breath <compound-id="8003">pentane</compound-id> output (BPO) (C: 7.5 +/- 1.4 vs P: 7.0 +/- 1.3 pmol.kg-1.<protein-id="P13987,Q6FHM9">min-1</protein-id>) and plasma HPLC-separated <compound-id="10964">malondialdehyde</compound-id> (MDA) (C: 0.58 +/- 0.05 vs P: 0.47 +/- 0.05 nmol.ml-1) were not significantly different between the 2 groups at baseline and did not change after four weeks of vitamin C supplementation (BPO: C: 5.3 +/- 0.9 vs P: 5.5 +/- 0.9 pmol.kg-1.<protein-id="P13987,Q6FHM9">min-1</protein-id>; HPLC-MDA: C: 0.50 +/- 0.07 vs P: 0.42 +/- 0.07 nmol.ml-1).	pentane__min-1__no_interaction	malondialdehyde__min-1__no_interaction
10067789-4	<protein-id="P35318">Adrenomedullin</protein-id> significantly decreased the order parameter for 5-<compound-id="787">nitroxide</compound-id> <compound-id="5281">stearate</compound-id> and peak height ratio for 16-<compound-id="787">nitroxide</compound-id> <compound-id="5281">stearate</compound-id> obtained from electron paramagnetic resonance spectra of erythrocyte membranes in normotensive volunteers (mean +/- <compound-id="5289348">SEM</compound-id> order parameter value: control, 0.718 +/- 0.003, n = 16; <protein-id="P35318">Adrenomedullin</protein-id> at 10(-9) mol/l, 0.692 +/- 0.004, n = 16, P < 0.05; <protein-id="P35318">Adrenomedullin</protein-id> at 10(-8) mol/l, 0.690 +/- 0.004, n = 16, P < 0.05; <protein-id="P35318">Adrenomedullin</protein-id> at 10(-7) mol/l, 0.683 +/- 0.004, n = 16, P < 0.05).	nitroxide__Adrenomedullin__no_interaction	SEM__Adrenomedullin__no_interaction	stearate__Adrenomedullin__no_interaction
10067872-7	The results are summarized as follows: 1) exposing the cells to a low Ca2+ (20 nM) buffer solution suppressed <protein-id="P55247,F6S1S9">LHRH</protein-id> release, whereas exposure to a normal Ca2+ solution (1.25 mM) maintained pulsatile <protein-id="P55247,F6S1S9">LHRH</protein-id> release; 2) <protein-id="P55247,F6S1S9">LHRH</protein-id> release from cultured <protein-id="P55247,F6S1S9">LHRH</protein-id> cells was stimulated by the voltage-sensitive L-type Ca2+ channel agonist, Bay K 8644 (10 microM), whereas it was suppressed by the L-type Ca2+ channel blocker, <compound-id="4485">nifedipine</compound-id> (1 microM), but not by the N-type channel blocker, <compound-id="16132374">omega-conotoxin GVIA</compound-id> (1 microM); 3) the intracellular Ca2+ stimulant, <compound-id="11317883,27439,441753,5114,6326656">ryanodine</compound-id> (1 microM), stimulated <protein-id="P55247,F6S1S9">LHRH</protein-id> release, whereas the intracellular Ca2+ transporting <compound-id="57476835,60961">adenosine</compound-id> triphosphatase antagonist, <compound-id="446378,49926">thapsigargin</compound-id> (1 and 10 microM), did not yield consistent results; and 4) <compound-id="57248046">carbonyl cyanide p-trifluoromethoxyphenyl-hydrazone</compound-id> (1 microM), a mitochondrial Ca2+ mobilizer, stimulated <protein-id="P55247,F6S1S9">LHRH</protein-id> release, whereas <compound-id="23950">ruthenium</compound-id> red, a mitochondrial Ca2+ uptake inhibitor, did not induce consistent results.	carbonyl cyanide p-trifluoromethoxyphenyl-hydrazone__LHRH__no_interaction	nifedipine__LHRH__no_interaction	thapsigargin__LHRH__no_interaction	omega-conotoxin GVIA__LHRH__no_interaction	ruthenium__LHRH__no_interaction	ryanodine__LHRH__no_interaction	adenosine__LHRH__no_interaction
10081703-8	A submaximal concentration of <protein-id="P01186">AVP</protein-id> (10(-10) M) induced cAMP accumulation of 48.6 +/- 2.5 pmol (mg protein)-1 (4 min)-1 (P < 0.01 compared with basal level of 34.9 +/- 2.4 pmol (mg protein)-1 (4 min)-1, n = 10), which was blocked in the presence of a vasopressin V2 receptor antagonist (10(-7) M <compound-id="119369">OPC-31260</compound-id>) but not by the <protein-id="P70536">oxytocin receptor</protein-id> antagonist (10(-6) M [Pen1,pMePhe2, Thr4,Orn8]<compound-id="439302">oxytocin</compound-id>) (36.3 +/- 6.1 and 45.1 +/- 1.3 pmol (mg protein)-1 (4 min)-1 respectively, P < 0.05, n = 10).	oxytocin__oxytocin receptor__no_interaction	oxytocin__AVP__no_interaction	OPC-31260__oxytocin receptor__no_interaction	OPC-31260__AVP__no_interaction
10090866-8	18 for female versus male siblings), triglycerides (r = 0.56 versus r = 0.05), and <protein-id="P04114,Q7Z7Q0,Q59HB3">apolipoprotein B</protein-id> (r = 0.72 versus r = 0.31); they were also higher between female siblings than between mixed-sex siblings for measures of adiposity (r = 0.46 versus r = 0.19) and total <compound-id="5997">cholesterol</compound-id> (r = 0.74 versus r = 0.27).	cholesterol__apolipoprotein B__no_interaction
10090936-2	Further analysis of patient <compound-id="7009630">LE</compound-id>, with the highest inhibitor titer, showed that (1) plasma or polyclonal IgG antibodies prepared from <compound-id="7009630">LE</compound-id> plasma inhibited the activity of allogeneic (wild-type) but not of self FVIII; (2) the presence of <protein-id="P04275">von Willebrand factor</protein-id> (<protein-id="P04275">vWF</protein-id>) increased by over 10-fold the inhibitory activity on wild-type FVIII; (3) the kinetics of FVIII inhibition followed a type II pattern, but in contrast to previously described type II inhibitors, <compound-id="7009630">LE</compound-id> IgG was potentiated by the presence of <protein-id="P04275">vWF</protein-id> instead of being in competition with it; (4) polyclonal <compound-id="7009630">LE</compound-id> IgG recognized the FVIII light chain in enzyme-linked immunosorbent assay and the recombinant A3-C1 domains in an immunoprecipitation assay, indicating that at least part of <compound-id="7009630">LE</compound-id> antibodies reacted with the FVIII domain encompassing the mutation site; and (5) <compound-id="7009630">LE</compound-id> IgG inhibited FVIII activity by decreasing the rate of FVIIIa release from <protein-id="P04275">vWF</protein-id>, but <compound-id="7009630">LE</compound-id> IgG recognized an epitope distinct from ESH8, a murine monoclonal antibody exhibiting the same property.	LE__von Willebrand factor__no_interaction	LE__vWF__no_interaction
10193650-3	Furthermore, the anxiolytic-like effect was antagonized by co-administration of the potent <protein-id="P07808,F2W8A6">neuropeptide Y</protein-id> Y1 receptor antagonist ((R)-N-[[4-(<compound-id="90777035">aminocarbonylaminomethyl</compound-id>)-phenyl]methyl]-N2-(diphen ylacetyl)-<compound-id="2234">argininamide</compound-id> <compound-id="6422">trifluoroacetate</compound-id>) 3304, but not with the inactive enantiomer ((R)-N-[[4-(<compound-id="90777035">aminocarbonylaminomethyl</compound-id>)-phenyl]methyl]-N2-(diphen ylacetyl)-<compound-id="2234">argininamide</compound-id> <compound-id="6422">trifluoroacetate</compound-id>) 3457.	aminocarbonylaminomethyl__neuropeptide Y__no_interaction	argininamide__neuropeptide Y__no_interaction	trifluoroacetate__neuropeptide Y__no_interaction
10198381-2	Plasma <compound-id="5997">cholesterol</compound-id> levels were higher in both <protein-id="P08226,Q3TXU4">apoE</protein-id> -/- and <protein-id="P08226,Q3TXU4">apoE</protein-id> + LDLR -/- compared with normal mice on normal and high-<compound-id="5997">cholesterol</compound-id> diets (normal chow: normal 110 +/- 5 mg/dl, <protein-id="P08226,Q3TXU4">apoE</protein-id> -/- 680 +/- 40 mg/dl, <protein-id="P08226,Q3TXU4">apoE</protein-id> + LDLR -/- 810 +/- 40 mg/dl; high-<compound-id="5997">cholesterol</compound-id> chow: normal 280 +/- 60 mg/dl, <protein-id="P08226,Q3TXU4">apoE</protein-id> -/- 2,490 +/- 310 mg/dl, <protein-id="P08226,Q3TXU4">apoE</protein-id> + LDLR -/- 3,660 +/- 290 mg/dl).	cholesterol__apoE__no_interaction
10200996-9	RESULTS: Continuous <protein-id="P20096">IL-4</protein-id> treatment (experiment 1) significantly (P = 0.001) reduced proteinuria (3 +/- 1 mg per 24 hr vs. 56 +/- 7), fibrinoid necrosis (0.06 +/- 0.04 quadrants/glomulus vs. 1.2 +/- 0.1), macrophage infiltration (6.7 +/- 2.6 cells/glom vs. 33 +/- 2.5), CD8+ cells (1.5 +/- 0.6 cells/glom vs. 6.2 +/- 1.1), inducible <compound-id="145068">nitric oxide</compound-id> synthase positive cells (0.04 +/- 0.04 cells/glom vs. 3.7 +/- 0.6), proliferating cell nuclear antigen positive cells (3.2 +/- 1 cells/glom vs. 15 +/- 2.3), and glomerular intercellular adhesion molecule-1 expression.	nitric oxide__IL-4__no_interaction
10208256-2	In vitro -<protein-id="O00548">delta[HCO3-] x delta pH(-1</protein-id>) [nonbicarbonate buffer capacity (beta) of blood] was increased 7 days after descent [before 31.3 (<compound-id="5289348">SEM</compound-id> 0.4) mmol x kgH2O(-1), after 38.3 (<compound-id="5289348">SEM</compound-id> 3.9) mmol x kgH2O(-1); P<0.05] resulting from an increased proportion of young erythrocytes; in additional experiments an augmented beta was found in young (low density cells) compared to old cells [<1.097 g x ml(-1): 0.216 (<compound-id="5289348">SEM</compound-id> 0.028) mmol x gHb(-1), >1.100 g x ml(-1): 0.145 (<compound-id="5289348">SEM</compound-id> 0.013) mmol x gHb(-1), where Hb is haemoglobin; P < 0.02].	SEM__delta[HCO3-] x delta pH(-1__no_interaction
10210917-10	The following antigens were determined [cluster of definition (CD)]: <protein-id="P08575,A0A0A0MT22,M9MML4,X6R433">leukocyte common antigen</protein-id> (<protein-id="P09496,C9J8P9">LCA</protein-id>) (B220, T 200, Ly-5), <protein-id="P08575,A0A0A0MT22,M9MML4,X6R433">CD45</protein-id>; LPS-R (<compound-id="11970143">lipopolysaccharide</compound-id> receptor), <protein-id="P08571">CD14</protein-id>; found on all T cells, CD3; <protein-id="P06729,Q53F96">LFA-2</protein-id> (<protein-id="P06729,Q53F96">lymphocyte function associated antigen, T 11</protein-id>), <protein-id="P06729,Q53F96">CD2</protein-id>; coreceptor for MHC class II molecules, found on helper T cells, <protein-id="P01730,B4DT49,B0AZV7">CD4</protein-id>; coreceptor for MHC class I molecules, found on suppressor/cytotoxic T cells, <protein-id="P01732,Q8TAW8,Q6ZVS2">CD8</protein-id>; B4, found on all human B cells, <protein-id="P15391">CD19</protein-id>; <protein-id="P13591,A0A087WWD4">NCAM</protein-id> (neural cell adhesion molecule), <protein-id="P13591,A0A087WWD4">CD56</protein-id>; <protein-id="P05107,B4E0R1">integrin beta2</protein-id> subunit, associated with <protein-id="P20701,B2RAL6">CD11a</protein-id> (<protein-id="P05107,B4E0R1">CD11a/CD18</protein-id>, <protein-id="P05107,B4E0R1">LFA-1</protein-id>, alphaLbeta2) and <protein-id="P11215">CD11b</protein-id> (<protein-id="P05107,B4E0R1">CD11b/CD18</protein-id>, <protein-id="P05107,B4E0R1">Mac-1</protein-id>,CR3, alphaMbeta2), <protein-id="P05107,B4E0R1">CD18</protein-id>; alphaL, alpha subunit of integrin <protein-id="P05107,B4E0R1">LFA-1</protein-id> (alphaLbeta2, <protein-id="P05107,B4E0R1">CD11a/CD18</protein-id>), <protein-id="P20701,B2RAL6">CD11a; alphaM, alpha subunit of integrin Mac-1</protein-id> (CR3, alphaMbeta2, <protein-id="P05107,B4E0R1">CD11b/CD18</protein-id>), <protein-id="P11215">CD11b</protein-id>; <protein-id="P05362">ICAM-1</protein-id> (intercellular adhesion molecule), <protein-id="P05362">CD54</protein-id>; H-CAM, <protein-id="P16070">Hermes antigen</protein-id>, <protein-id="P16070">Pgp-1</protein-id>, <protein-id="P16070">CD44</protein-id>; AIM (activation inducer molecule), early activation antigen, <protein-id="Q07108,Q53ZX0">CD69</protein-id>; T-cell receptor gammadelta, TCR gammadelta.	lipopolysaccharide__CD56__no_interaction	lipopolysaccharide__CD54__no_interaction	lipopolysaccharide__integrin beta2__no_interaction	lipopolysaccharide__Hermes antigen__no_interaction	lipopolysaccharide__CD2__no_interaction	lipopolysaccharide__CD8__no_interaction	lipopolysaccharide__Pgp-1__no_interaction	lipopolysaccharide__NCAM__no_interaction	lipopolysaccharide__lymphocyte function associated antigen, T 11__no_interaction	lipopolysaccharide__CD45__no_interaction	lipopolysaccharide__CD44__no_interaction	lipopolysaccharide__Mac-1__no_interaction	lipopolysaccharide__CD69__no_interaction	lipopolysaccharide__CD11a/CD18__no_interaction	lipopolysaccharide__leukocyte common antigen__no_interaction	lipopolysaccharide__CD4__no_interaction	lipopolysaccharide__CD11b/CD18__no_interaction	lipopolysaccharide__CD14__no_interaction	lipopolysaccharide__CD11b__no_interaction	lipopolysaccharide__CD11a; alphaM, alpha subunit of integrin Mac-1__no_interaction	lipopolysaccharide__LCA__no_interaction	lipopolysaccharide__ICAM-1__no_interaction	lipopolysaccharide__LFA-2__no_interaction	lipopolysaccharide__LFA-1__no_interaction	lipopolysaccharide__CD11a__no_interaction	lipopolysaccharide__CD18__no_interaction	lipopolysaccharide__CD19__no_interaction
10341862-7	Serum <protein-id="P15692,A0A024RD37,A0A024RD33,A2A2V4">VEGF</protein-id> correlated with serum <compound-id="5994">progesterone</compound-id> concentrations in the luteal phase (r = 0.85, P < 0.001), with serum <compound-id="5757">oestradiol</compound-id> concentrations in the early follicular (r = 0.67, P = 0.009), pre-ovulatory (r = 0.57, P = 0.03) and luteal phases (r = 0.68, P < 0.005) and with serum <compound-id="6013">testosterone</compound-id> in the early follicular phase (r = 0.63, P = 0.01).	oestradiol__VEGF__no_interaction	testosterone__VEGF__no_interaction	progesterone__VEGF__no_interaction
10344354-6	A significantly positive correlation was found among blood concentration of PAF and heart rate (r = 0.4193, P < 0.017), serum <compound-id="588">creatinine</compound-id> (r = 0.3671, P < 0.038), serum <protein-id="P05231,Q75MH2,B5MC21,B4DNQ5,B4DVM1">IL-6</protein-id> (r = 0.5475, P < 0.005) and urine excretion of <protein-id="P10145,A0A024RDA5">IL-8</protein-id> (r = 0.3984, P < 0.044), whereas a negative correlation was present with the number of circulating platelets (r = -0.4285, P < 0.018).	creatinine__IL-6__no_interaction	creatinine__IL-8__no_interaction
10348797-4	Evidence that human hepatic <protein-id="P08684,Q6GRK0">CYP3A4</protein-id> and 2D6 catalyze the formation of tam catechol from <compound-id="449459">4-OH-tam</compound-id> and supportive data that the catechol is proximate to the reactive intermediate, was obtained: 1) There was a good correlation (r = 0.82; p </=.0004) between steroidal 6beta-hydroxylase (CYP3A activity) and ortho hydroxylation of <compound-id="449459">4-OH-tam</compound-id> in human liver microsomes; 2) monospecific antibodies against <protein-id="P08684,Q6GRK0">CYP3A4</protein-id> strongly inhibited catechol formation from <compound-id="449459">4-OH-tam</compound-id> and its covalent binding to proteins in human liver microsomes; 3) low levels of <compound-id="3823,456201,47576,5702077">ketoconazole</compound-id> inhibited catechol tam accumulation and covalent binding of <compound-id="449459">4-OH-tam</compound-id> to human liver proteins; 4) among human P-450s expressed in insect cells (supersomes), only <protein-id="P08684,Q6GRK0">CYP3A4</protein-id> and 2D6 noticeably catalyzed catechol formation, and <protein-id="P00167">cytochrome b5</protein-id> markedly stimulated the <protein-id="P08684,Q6GRK0">CYP3A4</protein-id> catalysis; and 5) human livers with high CYP3A and low or high <protein-id="P10635,C1ID52,Q5Y7H2">CYP2D6</protein-id> activity exhibited high catechol formation and those with low <compound-id="2981881,91293124">3A</compound-id> and 2D6 activities formed only little catechol.	4-OH-tam__CYP3A4__no_interaction	4-OH-tam__cytochrome b5__no_interaction	4-OH-tam__CYP2D6__no_interaction	3A__CYP3A4__no_interaction	3A__cytochrome b5__no_interaction	3A__CYP2D6__no_interaction	ketoconazole__CYP3A4__no_interaction	ketoconazole__cytochrome b5__no_interaction	ketoconazole__CYP2D6__no_interaction
10370672-6	The weight of resected liver (r = 0.821, p < 0.0001), maximum diameter of tumor (r = 0.782, p < 0.0001) and operation time (r = 0.748, p < 0.0001) were the most highly correlated with intra-operative blood loss, followed by pre-operative total <compound-id="5280352">bilirubin</compound-id> (r = 0.605, p = 0.0038), <protein-id="Q9NRC9">FDP</protein-id> level (r = 0.576, p = 0.0068) and intra-operative blood transfusion (r = 0.561, p = 0.0089).	bilirubin__FDP__no_interaction
10376199-8	For plaque size, univariate and multivariate analyses demonstrated that diabetes mellitus and hypercholesterolemia were independent predictors for greater plaque (13.5 +/- 5.72 versus 10.17 +/- 4.6 mm2, P = 0.015, for diabetic versus non-diabetic patients; 12.0 +/- 5.35 versus 9.03 +/- 3.76 mm2, P = 0.010, for hypercholesterolemic versus normocholesterolemic patients) and <compound-id="21313">EEM</compound-id> <protein-id="Q13216,B3KPW7,B4DGZ9">CSA</protein-id> (17.16 +/- 5.81 versus 14.3 +/- 5.1 mm2, P = 0.033, for diabetic versus non-diabetic patients; 16.57 +/- 5.49 versus 12.25 +/- 3.8 mm2, P = 0.001, for hypercholesterolemic versus normocholesterolemic patients) at the target lesion.	EEM__CSA__no_interaction
10385599-3	Treatment of adherent ASMC with <protein-id="Q0V8R6">beta-hexosaminidase A</protein-id> (<protein-id="P06865">Hex A</protein-id>, 50 nM), an endogenous mannosyl-rich glycoprotein, resulted in a late-onset (30-min) activation of <protein-id="P62333,A0A087X2I1">p44</protein-id>/42(MAPK) that lasted for 4 h. Activation of <protein-id="P62333,A0A087X2I1">p44</protein-id>/42(MAPK) induced by <protein-id="P06865">Hex A</protein-id> was inhibited by an 18-mer phosphorothioate-derivatized antisense oligonucleotide (1-5 microM) directed to human <protein-id="P62333,A0A087X2I1">p44</protein-id>(MAPK); the mitogen-activated protein kinase kinase (<protein-id="Q02750,A4QPA9,B4DFY5">MEK1</protein-id>) inhibitor <compound-id="4713">PD98059</compound-id> (5 microM); the <protein-id="P62333,A0A087X2I1">p42</protein-id>(MAPK) inhibitor Tyrphostin <compound-id="2046">AG-126</compound-id> (0.2 microM); the farnesyl transferase inhibitors SCH-56582 (10 microM) and <compound-id="3000505">FPT</compound-id> III (10 miroM), which inhibit <protein-id="E1BMX0,P01112,X5D945">p21Ras</protein-id> activation; and <compound-id="2533">Calphostin C</compound-id> (0.2 microM), an inhibitor of protein kinase C. These agents also inhibited <protein-id="P06865">Hex A</protein-id>-induced cell proliferation in bovine ASMC.	PD98059__Hex A__no_interaction	PD98059__p42__no_interaction	PD98059__MEK1__no_interaction	PD98059__p21Ras__no_interaction	PD98059__p44__no_interaction	PD98059__beta-hexosaminidase A__no_interaction	FPT__Hex A__no_interaction	FPT__p42__no_interaction	FPT__MEK1__no_interaction	FPT__p21Ras__no_interaction	FPT__p44__no_interaction	FPT__beta-hexosaminidase A__no_interaction	AG-126__Hex A__no_interaction	AG-126__p42__no_interaction	AG-126__MEK1__no_interaction	AG-126__p21Ras__no_interaction	AG-126__p44__no_interaction	AG-126__beta-hexosaminidase A__no_interaction	Calphostin C__Hex A__no_interaction	Calphostin C__p42__no_interaction	Calphostin C__MEK1__no_interaction	Calphostin C__p21Ras__no_interaction	Calphostin C__p44__no_interaction	Calphostin C__beta-hexosaminidase A__no_interaction
10396370-13	In men, E1-FA levels also correlated with systolic blood pressure (r = 0.59, P = 0.01), total triglycerides (r = 0.63, P = 0.003), VLDL-triglycerides (r = 0.62, P = 0.004) and VLDL-<compound-id="5997">cholesterol</compound-id> (r = 0.48, P = 0.03), but not with diastolic blood pressure, serum total or LDL-<compound-id="5997">cholesterol</compound-id>, or total and <protein-id="Q8WXH2,F8W9A3,Q96HD8,B4DIC1">HDL2</protein-id> and HDL3 subfractions of HDL <compound-id="5997">cholesterol</compound-id>.	cholesterol__HDL2__no_interaction
10396370-15	In women, E1-FA levels correlated with total triglycerides (r = 0.66, P = 0.001), VLDL-triglycerides (r = 0.65, P = 0.001), VLDL-<compound-id="5997">cholesterol</compound-id> (r = 0.63, P = 0.002), LDL-<compound-id="5997">cholesterol</compound-id> (r = 0.57, P = 0.005) and total and <protein-id="Q8WXH2,F8W9A3,Q96HD8,B4DIC1">HDL2</protein-id> and HDL3 subfractions of HDL <compound-id="5997">cholesterol</compound-id> (r = -0.58, -0.48, -0.61, P = 0.004, 0.02 and 0.002, respectively), but not with systolic or diastolic blood pressure or total <compound-id="5997">cholesterol</compound-id>.	cholesterol__HDL2__no_interaction
10401706-10	In particular, in childhood onset GH deficient patients after 3 months <protein-id="P02818">osteocalcin</protein-id> increased from 2.5+/-1.3 to 7.9+/-2.1 mcg/l, p<0.001 aminoterminal propeptide of type-III from 273+/-49 to 359+/-15 U/I p<0.001; serum carboxyterminal telopeptide of <protein-id="P08123">type-I procollagen</protein-id> from 105+/-48 to 201+/-45 mcg/l, p<0.001; urinary <compound-id="269023,5810">hydroxyproline</compound-id>/<compound-id="588">creatinine</compound-id> from 0.19+/-0.16 to 0.81+/-0.17 mmol/mol, p<0.001; urinary <compound-id="3034763">deoxypyridinoline</compound-id>/<compound-id="588">creatinine</compound-id> from 21 +/-10 to 54+/-20 mcmol/mol, p<0.001; while in adulthood onset GH deficient patients after 6 months <protein-id="P02818">osteocalcin</protein-id> increased from 4.2+/-3.6 to 6.5+/-1.9 mcg/l, p<0.05; aminoterminal propeptide of type- III from 440+/-41 to 484+/-37 U/I, p<0.05; serum carboxyterminal telopeptide of <protein-id="P08123">type-I procollagen</protein-id> from 125+/-40 to 152+/-22 mcg/l, p<0.05; urinary <compound-id="269023,5810">hydroxyproline</compound-id>/<compound-id="588">creatinine</compound-id> from 0.24+/-0.12 to 0.54+/-0.06 mmol/mol, p<0.001; urinary <compound-id="3034763">deoxypyridinoline</compound-id>/<compound-id="588">creatinine</compound-id> from 23+/-8 to 42+/-5 mcmol/mol, p<0.001.	deoxypyridinoline__type-I procollagen__no_interaction	deoxypyridinoline__osteocalcin__no_interaction	creatinine__type-I procollagen__no_interaction	creatinine__osteocalcin__no_interaction	hydroxyproline__type-I procollagen__no_interaction	hydroxyproline__osteocalcin__no_interaction
10404042-6	The data demonstrated that: 1) bone marrow- and hepatic-derived stromal/adherent cells support preB cell growth and regulate apoptosis induced by DMBA or B[a]P; 2) B[a]P is more effective than DMBA when preB cells are maintained on Hepa-1c1c7 monolayers than when maintained on BMS2 monolayers; 3) DMBA is more effective than B[a]P when preB cells are cultured on BMS2 monolayers; 4) alpha-naphthoflavone, an <protein-id="P30561,Q3U5D9">AhR</protein-id> antagonist and cytochrome P-450 inhibitor, blocks preB cell apoptosis in both BU-11/Hepa-1c1c7 and BU-11/BMS2 cultures; 5) although preB cells grow well in Hepa-1c1c7 or BMS2 supernatants, addition of <compound-id="2148">PAH</compound-id> in the absence of hepatic- or bone marrow-derived adherent cells does not result in preB cell apoptosis; 6) preB cell apoptosis is dependent on <protein-id="P30561,Q3U5D9">AhR</protein-id> activity in adherent hepatic- or bone marrow-derived stromal cells; and 7) apoptosis is induced by DMBA when preB cells are maintained on primary bone marrow stromal cell monolayers from wildtype but not from <protein-id="P30561,Q3U5D9">AhR</protein-id>-/- mice.	PAH__AhR__no_interaction
10413483-2	The results for neutral side chains with <protein-id="P06744,B4DE36">phi</protein-id>, psi angles approximately 180 degrees, approximately 180 degrees in ascending order, to an expected accuracy of +/-10 kJ mol(-)(1), are Asn 326; <compound-id="595">cystine</compound-id> 330; Asp 332; Gln 334; Trp 337; Arg 340; <compound-id="5962">Lys</compound-id> 340; Met 343; His 344; Phe 344; <compound-id="6057">Tyr</compound-id> 344; Leu 344; Ala 345; Cys 346; <compound-id="5951">Ser</compound-id> 349; Gly 350; Ile 351; Val 352; Glu 354; Thr 357; Pro-cis 358; Pro-trans 369.	Ser__phi__no_interaction	Tyr__phi__no_interaction	cystine__phi__no_interaction	Lys__phi__no_interaction
10417506-6	RESULTS: The mean concentrations of <compound-id="33741">tramadol</compound-id> during the postsurgery phase were 470+/-323 ng <protein-id="Q9NTI2">ml-1</protein-id>, 590+/-410 ng <protein-id="Q9NTI2">ml-1</protein-id> and 771+/-451 ng <protein-id="Q9NTI2">ml-1</protein-id> in the (+)-, racemate- and (-)-group, respectively ((+) vs (-), P<0.05); the mean concentrations of the metabolite M1 were 57+/-18 ng <protein-id="Q9NTI2">ml-1</protein-id>, 84+/-34 ng <protein-id="Q9NTI2">ml-1</protein-id> and 96+/-41 ng <protein-id="Q9NTI2">ml-1</protein-id> in the (+)-, racemate- and (-)-group, respectively ((+) vs (-) and (+) vs racemate, P<0.05).	tramadol__ml-1__no_interaction
10431761-7	Our results demonstrated that: (1) injection of LPS caused a significant fall in blood pressure and a severe vascular hyporeactivity to NA in the anaesthetised rat, (2) the relaxation induced by the K(+)channel opener <compound-id="71191,93504">cromakalim</compound-id> was greater in rings obtained from endotoxaemic rats and this enhanced relaxation was partially inhibited by pretreatment of these rings with <compound-id="54245772">1H-[1,2,4]oxadiazolo[4,3-a]quinoxalin</compound-id>-1-one (ODQ), an inhibitor of the NO/cGMP pathway, (3) endotoxaemia for 4 h was also associated with a profound vascular hyporeactivity to NA ex vivo and this vascular hyporesponsiveness was partially inhibited by ODQ, <compound-id="5413">tetraethylammonium</compound-id> (TEA, a non-selective inhibitor of K(+)-channels) and charybdotoxin [CTX, a selective inhibitor of large conductance <compound-id="22044544,5460341">calcium</compound-id>-activated K(+)- channels (<protein-id="Q62976">BK(Ca</protein-id>))], but not by <compound-id="16129677,16218850,56928162,57043712">apamin</compound-id>, and (4) the combination of TEA or CTX with ODQ completely restored that vascular responsiveness to normal.	calcium__BK(Ca__no_interaction	apamin__BK(Ca__no_interaction	tetraethylammonium__BK(Ca__no_interaction	cromakalim__BK(Ca__no_interaction	1H-[1,2,4]oxadiazolo[4,3-a]quinoxalin__BK(Ca__no_interaction
10436588-8	Dose accumulated of fentanyl total (5732.7 +/- 5114.91 vs 624.2 +/- 591.2 mcg, p < 0.005), dose daily of fentanyl (98.54 +/- 6.12 vs 36.23 +/- 23.42 mcg/Kg/<protein-id="O60879">dia</protein-id>, p < 0.005), velocity of infusion of the fentayl (4.09 +/- 2.75 vs 1.5 +/- 0.95 mcg/Kg/hora, p < 0.005), time of use of the fentanyl (10.2 +/- 5.1 vs 3.16 +/- 1.09 days, p < 0.005), dose accumulated of <compound-id="4192">midazolam</compound-id> total (118.8 +/- 86.97 vs 20.03 +/- 14.79 mg, p < 0.005), dose daily of <compound-id="4192">midazolam</compound-id> (2.32 +/- 0.86 vs 1.21 +/- 0.68 mg/Kg/<protein-id="O60879">dia</protein-id>, p < 0.005), velocity of <compound-id="4192">midazolam</compound-id> infusion (0.13 +/- 0.16 vs 0.05 +/- 0.02 mg/Kg/hora, p < 0.005) and time of use of the <compound-id="4192">midazolam</compound-id> (9.20 +/- 4.67 vs 2.55 +/- 1.54 days, p < 0.005) they were considered significant.	midazolam__dia__no_interaction
10444633-2	To determine the extent to which <protein-id="P01321">insulin</protein-id>, <protein-id="P29794">glucagon</protein-id>, and selective (alpha/beta)-adrenergic activation mediate the increment in <compound-id="206,5793,64689,79025">glucose</compound-id> metabolic clearance rate (MCR) and <compound-id="206,5793,64689,79025">glucose</compound-id> production (R(a)), we used five groups of normal mongrel dogs: 1) pancreatic clamp (PC; n = 7) with peripheral somatostatin (0.8 microg x kg(-1) x min(-1)) and intraportal replacement of <protein-id="P01321">insulin</protein-id> (1,482 +/- 84 pmol x kg(-1) x min(-1)) and <protein-id="P29794">glucagon</protein-id> (0.65 ng x kg(-1) x min(-1)) infusions; 2) PC plus combined alpha (<compound-id="5775">phentolamine</compound-id>)- and beta (<compound-id="4946">propranolol</compound-id>)-blockade (7 and 5 microg x kg(-1) x min(-1), respectively; alpha+beta; n = 5); 3) PC plus alpha-blockade (alpha; n = 6); 4) PC plus beta-blockade (beta; n = 5); and 5) a <compound-id="2551">carbachol</compound-id> control group without PC (Con; n = 10).	carbachol__glucagon__no_interaction	carbachol__insulin__no_interaction	propranolol__glucagon__no_interaction	propranolol__insulin__no_interaction	phentolamine__glucagon__no_interaction	phentolamine__insulin__no_interaction	glucose__glucagon__no_interaction	glucose__insulin__no_interaction
10447673-5	Several properties clearly distinguish cdkX, and its associated HMG-I kinase, from known anti-PSTAIRE cross-reactive cdks: (a) cdkX migrates, in SDS/PAGE, in a position intermediate between prophase phosphorylated <protein-id="P06493,A0A024QZJ8,B7Z3D6,I6L9I5">cdk1</protein-id> and metaphase dephosphorylated <protein-id="P06493,A0A024QZJ8,B7Z3D6,I6L9I5">cdk1</protein-id>; (b) in contrast with <protein-id="P06493,A0A024QZJ8,B7Z3D6,I6L9I5">cdk1</protein-id>, cdkX and associated HMG-I kinase activity do not decrease following successive depletions on p9CKShs1-<compound-id="11966311">sepharose</compound-id>; (c) cdkX and associated HMG-I kinase activity, but not <protein-id="P06493,A0A024QZJ8,B7Z3D6,I6L9I5">cdk1</protein-id>, decrease following depletions on immobilized inhibitor; (d) cdkX is expressed during the early development of sea urchin embryos; in contrast with <protein-id="P06493,A0A024QZJ8,B7Z3D6,I6L9I5">cdk1</protein-id>/cyclin B kinase, the p15cdk-BP-bound HMG-I kinase is active throughout the cell cycle; compared with <protein-id="P06493,A0A024QZJ8,B7Z3D6,I6L9I5">cdk1</protein-id> it is active later in development; (e) p15cdk-BP-bound HMG-I kinase is essentially insensitive to powerful inhibitors of cdk such as <compound-id="448991">purvalanol</compound-id>, <compound-id="160355">roscovitine</compound-id>, <compound-id="4592">olomoucine</compound-id>, <protein-id="P38936,A0A024RCX5">p21cip1</protein-id> and <protein-id="Q8N726,P42771,K7PML8,G3XAG3">p16INK4A</protein-id>; HD is only moderately inhibitory.	olomoucine__cdk1__no_interaction	olomoucine__p16INK4A__no_interaction	olomoucine__p21cip1__no_interaction	roscovitine__cdk1__no_interaction	roscovitine__p16INK4A__no_interaction	roscovitine__p21cip1__no_interaction	purvalanol__cdk1__no_interaction	purvalanol__p16INK4A__no_interaction	purvalanol__p21cip1__no_interaction	sepharose__cdk1__no_interaction	sepharose__p16INK4A__no_interaction	sepharose__p21cip1__no_interaction
10454466-1	The 5-hydroxytryptamine(1B/1D) (<protein-id="P28564">5-HT(1B</protein-id>/1D)) antagonist 2'-methyl-4'-(5-methyl-[1,2,4]<compound-id="10197612">oxadiazol</compound-id>-3-yl)-biphenyl-4-carboxyli <compound-id="8563">c acid</compound-id> [4-<compound-id="91066389">methoxy-</compound-id>3-(4-methyl-<compound-id="91216341">piperazin-1-yl</compound-id>)-phenyl]-<compound-id="2826723">amide</compound-id> (GR 127935) and <protein-id="P19327">5-HT(1A</protein-id>) antagonist N-(2-(4-(2-methoxyphenyl)-1-piperazinyl)<compound-id="23134249">ethyl</compound-id>)-N-(2-pyridinyl)cyclohe xanecarboxamide (<compound-id="5684">WAY 100635</compound-id>) were used to assess whether hyperactivity induced by 3 mg/kg (+)-3, 4-<compound-id="1615">methylenedioxymethamphetamine</compound-id> [(+)-MDMA] is mediated by <protein-id="P28564">5-HT(1B</protein-id>/1D) and/or <protein-id="P19327">5-HT(1A</protein-id>) receptors.	methoxy-__5-HT(1B__no_interaction	methoxy-__5-HT(1A__no_interaction	piperazin-1-yl__5-HT(1B__no_interaction	piperazin-1-yl__5-HT(1A__no_interaction	amide__5-HT(1B__no_interaction	amide__5-HT(1A__no_interaction	c acid__5-HT(1B__no_interaction	c acid__5-HT(1A__no_interaction	oxadiazol__5-HT(1B__no_interaction	oxadiazol__5-HT(1A__no_interaction	WAY 100635__5-HT(1B__no_interaction	WAY 100635__5-HT(1A__no_interaction	methylenedioxymethamphetamine__5-HT(1B__no_interaction	methylenedioxymethamphetamine__5-HT(1A__no_interaction	ethyl__5-HT(1B__no_interaction	ethyl__5-HT(1A__no_interaction
10463551-8	Among moderate-risk patients with and without IAIs, those with IAIs were more likely to have abdominal abrasions (5/22 vs 34/459, p = 0.008), an abnormal chest examination (11/22 vs 86/457, p = 0.01), higher mean serum concentrations of <compound-id="5960">aspartate</compound-id> aminotransferase (<protein-id="Q9NRA2">AST</protein-id>) (604 U/L vs 77 U/L, p < 0.001) and <compound-id="5950,602">alanine</compound-id> aminotransferase (ALT) (276 U/L vs 39 U/L, p = 0.002), higher mean white blood cell (WBC) counts (16.3 K/mm3 vs 12.8 K/mm3, p < 0.001), and a higher prevalence of >5 RBCs/hpf on urinalysis (7/22 vs 54/427, p = 0.02).	alanine__AST__no_interaction	aspartate__AST__no_interaction
10463859-3	These studies demonstrated that (i) the quiescent state is characterized by the absence of cell-associated virus, capsids, and viral antigens; (ii) HS (43 degrees C, 3 h) efficiently activated virus from quiescently infected Nd-PC12 (QIF-PC12) cells; (iii) the rate of virus production was significantly greater following HS than <compound-id="47936">forskolin</compound-id> treatment, and the rates of both were dependent on MOI; (iv) <compound-id="47936">forskolin</compound-id> and HS appeared to affect pathways of viral activation from a quiescent state as they did not enhance viral growth in Nd-PC12 cells; (v) viral alpha4 gene and host <protein-id="P0DMW0,P0DMW1">HSP72</protein-id> gene transcription were rapidly induced in QIF-PC12 as soon as 3 h post-HS initiation; (vi) induction of the viral alpha27 gene followed that of representative beta and gamma genes, U(L)30 and U(L)18, respectively, and (vii) HS induced asynchronous HSV-1 replication from QIF-PC12 cells with 1:400 to 1:22000 positive foci detected as rapid as 24 h post-induction when established at MOIs of 30 and 3, respectively.	forskolin__HSP72__no_interaction
10481820-3	For the positional isomers t4, t5, t6-8, t9, <protein-id="P28907">t10</protein-id>, <protein-id="P06729,Q53F96">t11</protein-id>, t12, <protein-id="Q6UB99">t13</protein-id>, <protein-id="P26842">t14</protein-id>, t15 and <compound-id="16740934">t16</compound-id> contents of 0.02, 0.02, 0.21, 0.37, 0.32, 0.68, 0.23, 0.15, 0.18, 0.09 and 0.14 wt% were established, with <compound-id="122325,5281127,5282761">vaccenic acid</compound-id> being the predominant isomer.	t16__t14__no_interaction	t16__t10__no_interaction	t16__t11__no_interaction	t16__t13__no_interaction	vaccenic acid__t14__no_interaction	vaccenic acid__t10__no_interaction	vaccenic acid__t11__no_interaction	vaccenic acid__t13__no_interaction
10484572-5	High plasma estradiol concentration lowered the P(<protein-id="P13725,B5MCX1">osm</protein-id>) threshold for <protein-id="P01185,X5DQP6">AVP</protein-id> release during the luteal phase and during OC E + P [x-intercepts, 282 +/- 2, 278 +/- 2, 276 +/- 2, and 280 +/- 2 mosmol/kgH(2)O, for follicular, luteal (combined means), OC E + P, and OC P, respectively; P < 0.05, luteal phase and OC E + P vs. follicular phase] during exercise dehydration, and <compound-id="56981346,5757">17beta-estradiol</compound-id> administration lowered the P(<protein-id="P13725,B5MCX1">osm</protein-id>) threshold for thirst stimulation [x-intercepts, 280 +/- 2, 279 +/- 2, 276 +/- 2, and 280 +/- 2 mosmol/kgH(2)O for follicular, luteal, OC E + P, and OC P, respectively; P < 0.05, OC E + P vs. follicular phase], without affecting body fluid balance.	17beta-estradiol__AVP__no_interaction	17beta-estradiol__osm__no_interaction
10487493-6	PLTP activity correlated significantly (P<0.001) with body mass index (r = 0.22), serum total <compound-id="5997">cholesterol</compound-id> (r = 0.17), the ratio of HDL-<compound-id="5997">cholesterol</compound-id>/total <compound-id="5997">cholesterol</compound-id> (r = -0.20), triglycerides (r = 0.20), apo <protein-id="Q96P20">A-II</protein-id> (r = 0.20), and gamma <compound-id="129297">glutamyl</compound-id> transferase (r = 0.22) values.	glutamyl__A-II__no_interaction	cholesterol__A-II__no_interaction
10487686-7	Plasma <protein-id="P08185">CBG</protein-id> correlated positively with fasting <compound-id="206,5793,64689,79025">glucose</compound-id> levels (r = 0.49; P = 0.002), hemoglobin A1c levels (r = 0.35; P = 0.03), and area under the curve of <compound-id="206,5793,64689,79025">glucose</compound-id> after an oral <compound-id="206,5793,64689,79025">glucose</compound-id> tolerance test (r = 0.45; P = 0.005) and correlated negatively with the <protein-id="P01308,I3WAC9">insulin</protein-id> response to i.v.	glucose__CBG__no_interaction	glucose__insulin__no_interaction
10494889-3	The rank order of affinity of tachykinins to compete for [125I]-BH <compound-id="10486632">bufokinin</compound-id> binding revealed similarities with that of the mammalian <protein-id="P25103">NK1</protein-id> receptor, being <compound-id="10486632">bufokinin</compound-id> (IC50, 1.7 nM)><compound-id="14717795,17268">physalaemin</compound-id> (6.7 nM)><protein-id="P20366,Q9Y494">substance P</protein-id> (SP, 10.7 nM)> or =<protein-id="P20366,Q9Y494">neuropeptide gamma</protein-id> (NPgamma, 12.4 nM)> or =<compound-id="45749">kassinin</compound-id> (17.8 nM)><compound-id="147048">scyliorhinin I</compound-id> (35.3 nM)> or =<compound-id="10328936,6242">eledoisin</compound-id> (40.6 nM)> or =<compound-id="16132440">carassin</compound-id> (43.2 nM)> or =<protein-id="P20366,Q9Y494">neurokinin A</protein-id> (<protein-id="P20366,Q9Y494">NKA</protein-id>, 57.8 nM)> or =<compound-id="5311312,55583">neurokinin B</compound-id> (<protein-id="Q9UHF0,A0A024RB97,A0A024RB47">NKB</protein-id>, 77.5 nM)>scyliorhinin II (338 nM).	carassin__NKA__no_interaction	carassin__NKB__no_interaction	carassin__substance P__no_interaction	carassin__NK1__no_interaction	carassin__neurokinin A__no_interaction	carassin__neuropeptide gamma__no_interaction	physalaemin__NKA__no_interaction	physalaemin__NKB__no_interaction	physalaemin__substance P__no_interaction	physalaemin__NK1__no_interaction	physalaemin__neurokinin A__no_interaction	physalaemin__neuropeptide gamma__no_interaction	scyliorhinin I__NKA__no_interaction	scyliorhinin I__NKB__no_interaction	scyliorhinin I__substance P__no_interaction	scyliorhinin I__NK1__no_interaction	scyliorhinin I__neurokinin A__no_interaction	scyliorhinin I__neuropeptide gamma__no_interaction	bufokinin__NKA__no_interaction	bufokinin__NKB__no_interaction	bufokinin__substance P__no_interaction	bufokinin__NK1__no_interaction	bufokinin__neurokinin A__no_interaction	bufokinin__neuropeptide gamma__no_interaction	neurokinin B__NKA__no_interaction	neurokinin B__NKB__no_interaction	neurokinin B__substance P__no_interaction	neurokinin B__NK1__no_interaction	neurokinin B__neurokinin A__no_interaction	neurokinin B__neuropeptide gamma__no_interaction	eledoisin__NKA__no_interaction	eledoisin__NKB__no_interaction	eledoisin__substance P__no_interaction	eledoisin__NK1__no_interaction	eledoisin__neurokinin A__no_interaction	eledoisin__neuropeptide gamma__no_interaction	kassinin__NKA__no_interaction	kassinin__NKB__no_interaction	kassinin__substance P__no_interaction	kassinin__NK1__no_interaction	kassinin__neurokinin A__no_interaction	kassinin__neuropeptide gamma__no_interaction
10510546-2	METHODS: In 33 pregnant women where based on the <compound-id="206,5793,64689,79025">glucose</compound-id> tolerance test (75 g <compound-id="206,5793,64689,79025">glucose</compound-id>) GDM was revealed, repeatedly <protein-id="P02675,V9HVY1">fibrinogen</protein-id> values were assessed (FBG 4.38 +/- 0.98 g/l), the <protein-id="P01008,A0A024R944">antithrombin III</protein-id> activity (<protein-id="P01008,A0A024R944">ATIII</protein-id>% 103.83 +/- 14.9), <protein-id="P00750">t-PA</protein-id> Ag(4.82 +/- 3.35 ng/ml), <protein-id="P05121,A0A024QYT5">PAI-1</protein-id> Ag (158.04 +/- 57.7 ng/ml), D-dimer (234.99 +/- 455.36 ng/ml), plasma proteins-orosomucoid (ORM 0.506 +/- 0.14 g/l), <protein-id="P02741">C reactive protein</protein-id> (1.34 +/- 0.96 g/l), <protein-id="P02787,Q06AH7,A0PJA6">transferrin</protein-id> (3.77 +/- 0.79 g/l), prealbumin (1.86 +/- 0.83 g/l) and <protein-id="P01023">alpha-2-macroglobulin</protein-id> (A2M 2.01 +/- 0.62 g/l) and cytadhesive molecules sICAM-1 (230.8 +/- 57.76 ng/ml) and sE-<compound-id="4929">selectin</compound-id> (35.50 +/- 16.55 ng/ml).	selectin__ATIII__no_interaction	selectin__alpha-2-macroglobulin__no_interaction	selectin__fibrinogen__no_interaction	selectin__t-PA__no_interaction	selectin__transferrin__no_interaction	selectin__antithrombin III__no_interaction	selectin__C reactive protein__no_interaction	selectin__PAI-1__no_interaction	glucose__ATIII__no_interaction	glucose__alpha-2-macroglobulin__no_interaction	glucose__fibrinogen__no_interaction	glucose__t-PA__no_interaction	glucose__transferrin__no_interaction	glucose__antithrombin III__no_interaction	glucose__C reactive protein__no_interaction	glucose__PAI-1__no_interaction
10512362-6	Furthermore, <protein-id="O35659">GLP-1R</protein-id>(-/-) islets exhibited: 1) reduced cAMP accumulation in the presence of 20 mmol/<compound-id="53782688">l glucose</compound-id> (knockout islets versus control islets, 12 +/- 1 vs. 27 +/- 3 fmol x islet(-1) x 15 min(-1); P < 0.001) and exaggerated acceleration of cAMP production by 10 nmol/l <protein-id="P48756">glucose-dependent insulinotropic peptide</protein-id> (<protein-id="P48756">GIP</protein-id>) (increase over 20 mmol/<compound-id="53782688">l glucose</compound-id> by <protein-id="P48756">GIP</protein-id> in knockout islets versus control islets: 66 +/- 5 vs. 14 +/- 3 fmol x islet(-1) x 15 min(-1); P < 0.001); 2) increased mean cytosolic [Ca2+] ([Ca2+]c) at 7, 10, and 15 mmol/<compound-id="53782688">l glucose</compound-id> in knockout islets versus control islets; and 3) signs of asynchrony of [Ca2+]c oscillations between different islet subregions.	l glucose__GIP__no_interaction	l glucose__GLP-1R__no_interaction	l glucose__glucose-dependent insulinotropic peptide__no_interaction
10520704-8	RESULTS: Good correlation was observed between the total hepatic 99mTc-<protein-id="P84996,Q5JWF2,P63092,O95467,B0AZR9,Q5JWD1,Q14455,Q5FWY2">GSA</protein-id> clearance and conventional hepatic function tests: plasma retention rate of iodocyanine green (<compound-id="6096882">ICG</compound-id>) at 15 min (<compound-id="6096882">ICG</compound-id> <compound-id="24856345">R15</compound-id>), r = -0.600, P < 0.0001, n = 94; plasma disappearance rate of <compound-id="6096882">ICG</compound-id> (K <compound-id="6096882">ICG</compound-id>), r = 0.670, P < 0.0001, n = 83; cholinesterase, r = 0.539, P < 0.0001, n = 121; serum <protein-id="P02768">albumin</protein-id>, r = 0.421, P = 0.0001, n = 123; and hepaplastin test, r = 0.456, P < 0.0001, n = 120.	R15__GSA__no_interaction	R15__albumin__no_interaction	ICG__GSA__no_interaction	ICG__albumin__no_interaction
10537142-6	The rank order of displacement of [125I]Tyr11-<protein-id="P61278">SST</protein-id> binding to hsst1 was: <protein-id="P61278">SST</protein-id> (IC50, 0.5 nM) >> DOTALAN (IC50, 154 nM) > <compound-id="71349">lanreotide</compound-id> (LAN) approximate to Tyr3-<compound-id="383414,44420813,448601,57181882,6400441,86289069">octreotide</compound-id> (TOCT) approximate to <compound-id="121841">DOTA</compound-id>-Tyr3-<compound-id="383414,44420813,448601,57181882,6400441,86289069">octreotide</compound-id> (DOTATOCT) approximate to <compound-id="121841">DOTA</compound-id>-<compound-id="45588099,5311370,57214391,70689318,71306">vapreotide</compound-id> (DOTAVAP; IC50, >1000 nM); that to <protein-id="O00204">hsst2</protein-id> was: DOTATOCT approximate to TOCT approximate to DOTALAN approximate to <protein-id="P61278">SST</protein-id> approximately LAN approximate to DOTAVAP (IC50, 1.4 nM); that to <protein-id="O95803">hsst3</protein-id> was: <protein-id="P61278">SST</protein-id> (IC50, 1.2 nM) > DOTALAN = LAN (IC50, 15 nM) approximate to TOCT (IC50, 20 nM) approximate to DOTAVAP (IC50, 28 nM) > DOTATOCT (IC50, 73 nM); that to hsst4 was: <protein-id="P61278">SST</protein-id> (IC50, 1.8 nM) approximate to DOTALAN (IC50, 2.5 nM) > LAN (IC50, 22 nM) >> DOTATOCT approximate to DOTAVAP approximate to TOCT (IC50, >500 nM); and that to hsst5 was: DOTALAN (IC50, 0.45 nM) > <protein-id="P61278">SST</protein-id> (IC50, 0.9 nM) > TOCT (IC50, 1.5 nM) > DOTAVAP (IC50, 5.4 nM) >> LAN (IC50, 21 nM) > DOTATOCT (IC50 260 nM).	DOTA__hsst3__no_interaction	DOTA__SST__no_interaction	DOTA__hsst2__no_interaction	lanreotide__hsst3__no_interaction	lanreotide__SST__no_interaction	lanreotide__hsst2__no_interaction	vapreotide__hsst3__no_interaction	vapreotide__SST__no_interaction	vapreotide__hsst2__no_interaction	octreotide__hsst3__no_interaction	octreotide__SST__no_interaction	octreotide__hsst2__no_interaction
10549460-2	Following Ethics Committee approval, patients were randomly assigned to one of the following four treatments: Group P (n = 17): <compound-id="4943">propofol</compound-id> infusion, 1 mg kg-1 min-1 intravenous for 2 min, followed by <compound-id="4943">propofol</compound-id> infusion, 200 micrograms kg-1 min-1, until skin incision; Group <protein-id="Q96QT6,C9J9G2">PF1</protein-id> (n = 17): fentanyl bolus, 1 microgram kg-1 intravenous + <compound-id="4943">propofol</compound-id> infusion as in Group P; Group PF2 (n = 17): fentanyl bolus, 2 micrograms kg-1 intravenous + <compound-id="4943">propofol</compound-id> infusion as in Group P; and Group <compound-id="62665">PF3</compound-id> (n = 17): fentanyl bolus, 3 micrograms kg-1 intravenous + <compound-id="4943">propofol</compound-id> infusion as in Group P. The bispectral index and 95% spectral edge frequency were monitored continuously and recorded prior to induction of anaesthesia (base-line) and at skin incision.	PF3__PF1__no_interaction	propofol__PF1__no_interaction
10559845-7	The administration of Asc extract increased <compound-id="5884">NADPH</compound-id> diaphorase activity (2 days: control = 0, <protein-id="P41251">BCG</protein-id> = 7%, <protein-id="P41251">BCG</protein-id> + Asc = 13%, and Asc = 4%; 7 days: control = 4, <protein-id="P41251">BCG</protein-id> = 13%, <protein-id="P41251">BCG</protein-id> + Asc = 21%, and Asc = 4.5%) and <protein-id="P06804,Q3U593">TNF-alpha</protein-id> levels (mean +/- SD; 2 days: control = 0, <protein-id="P41251">BCG</protein-id> = 169 +/- 13, <protein-id="P41251">BCG</protein-id> + Asc = 202 +/- 37, and Asc = 0; 7 days: control = 0, <protein-id="P41251">BCG</protein-id> = 545 +/- 15.5, <protein-id="P41251">BCG</protein-id> + Asc = 2206 +/- 160.6, and Asc = 126 +/- 26; 14 days: control = 10 +/- 1.45, <protein-id="P41251">BCG</protein-id> = 9 +/- 1.15, <protein-id="P41251">BCG</protein-id> + Asc = 126 +/- 18, and Asc = 880 +/- 47.67 pg/ml) in the early phase of <protein-id="P41251">BCG</protein-id> infection.	NADPH__TNF-alpha__no_interaction	NADPH__BCG__no_interaction
10565441-6	Mean concentrations (X(g) x DF) were as follows: <protein-id="P11182">E2beta</protein-id> (bpl) 31.1 (1.16), (spl) 24.2 (1.42) pg ml(-1); E1 (bpl) 143.3 (1.21), (spl) 117.7 (1.53) pg ml(-1); <compound-id="57336492">E1S</compound-id> (bpl) 157.3 (1.44), (spl) 2.92 (1.42) ng ml(-1); T (bpl) 570.6 (1.43), (spl) 23.1 (1.68) pg ml(-1); A (spl) 17.9 (1.39) pg ml(-1); DHEH (spl) 12.4 (1.51) pg ml(-1); 5alpha-DHT (spl) 9.7 (1.29) pg ml(-1).	E1S__E2beta__no_interaction
10566601-5	A significant increase in DRB1*0402-<protein-id="P01909,Q5Y7H0,L8E864,Q5Y7D2,Q30063,Q08AS3,Q8MH44">DQA1</protein-id>*0301-<protein-id="P01920,Q5Y7A9,Q5SU54,Q5Y7D6,Q5Y7D3">DQB1</protein-id>*0302 (RR = 16.18, p < 0.05), DRB1*0405-<protein-id="P01909,Q5Y7H0,L8E864,Q5Y7D2,Q30063,Q08AS3,Q8MH44">DQA1</protein-id>*0301-<protein-id="P01920,Q5Y7A9,Q5SU54,Q5Y7D6,Q5Y7D3">DQB1</protein-id>*0302 (RR = 16.12, p < 0.05), DRB1*0301-<protein-id="P01909,Q5Y7H0,L8E864,Q5Y7D2,Q30063,Q08AS3,Q8MH44">DQA1</protein-id>*0501-<protein-id="P01920,Q5Y7A9,Q5SU54,Q5Y7D6,Q5Y7D3">DQB1</protein-id>*0201 (RR = 4.58, p < 0.00005) and DRB1*0401-<protein-id="P01909,Q5Y7H0,L8E864,Q5Y7D2,Q30063,Q08AS3,Q8MH44">DQA1</protein-id>*0301-<protein-id="P01920,Q5Y7A9,Q5SU54,Q5Y7D6,Q5Y7D3">DQB1</protein-id>*0302 (RR = 4.36, p < 0.005) was apparent in the diabetic group, while the DRB1*1501-<protein-id="P01909,Q5Y7H0,L8E864,Q5Y7D2,Q30063,Q08AS3,Q8MH44">DQA1</protein-id>*0102-<protein-id="P01920,Q5Y7A9,Q5SU54,Q5Y7D6,Q5Y7D3">DQB1</protein-id>*0602 and DRB1*1401-<compound-id="439351">DQA</compound-id> *0104-<protein-id="P01920,Q5Y7A9,Q5SU54,Q5Y7D6,Q5Y7D3">DQB1</protein-id>*05031 protective haplotypes (RR = 0.17 and 0.09, p < 0.0005 and 0.05, respectively) were significantly lower in patients.	DQA__DQB1__no_interaction	DQA__DQA1__no_interaction
10570049-4	The multidrug resistance-reversing agents cyclosporin A (CsA) and 2-[4-(<compound-id="7580">diphenylmethyl</compound-id>)-1-piperazinyl]-5-(trans-4,6-dimethyl-1,3, 2-<compound-id="57183225">dioxaphosphorinan</compound-id>-2-yl)-2, 6-dimethyl-4-(3-nitrophenyl)-<compound-id="938">3-pyridinecarboxylate</compound-id> P-<compound-id="190217">oxide</compound-id> (<compound-id="131368">PAK-104P</compound-id>) almost completely reversed the resistance to VCR, <compound-id="104842">7-ethyl-10-hydroxy-camptothecin</compound-id>, and cisplatin of LLC/<protein-id="Q92887">cMOAT</protein-id>-1 cells; and <compound-id="2724716">DL-buthionine</compound-id>-(S,R)-<compound-id="139610">sulfoximine</compound-id>, (3'-oxo-4-butenyl-4-<compound-id="7010355">methyl-threonine</compound-id>(1), (<compound-id="6287">valine</compound-id>(2)) cyclosporin (<compound-id="5281884">PSC833</compound-id>), and 3-([(3-(2-[<compound-id="521963">7-chloro-2-quinolinyl</compound-id>]<compound-id="123166">ethenyl</compound-id>)phenyl)-((3-dimethylamino-3- oxopropyl)-thio)-methyl]thio)<compound-id="1032">propanoic acid</compound-id> (MK571) partially reversed the resistance to these drugs.	7-chloro-2-quinolinyl__cMOAT__no_interaction	3-pyridinecarboxylate__cMOAT__no_interaction	PSC833__cMOAT__no_interaction	PAK-104P__cMOAT__no_interaction	methyl-threonine__cMOAT__no_interaction	propanoic acid__cMOAT__no_interaction	oxide__cMOAT__no_interaction	ethenyl__cMOAT__no_interaction	sulfoximine__cMOAT__no_interaction	valine__cMOAT__no_interaction	dioxaphosphorinan__cMOAT__no_interaction	DL-buthionine__cMOAT__no_interaction	diphenylmethyl__cMOAT__no_interaction	7-ethyl-10-hydroxy-camptothecin__cMOAT__no_interaction
10585175-11	Although serum <protein-id="P02768">albumin</protein-id> levels did not change throughout life, <compound-id="16122568,16750043,4369303,448383">CSF</compound-id> <protein-id="P02768">albumin</protein-id> levels and <compound-id="16122568,16750043,4369303,448383">CSF</compound-id>/serum <protein-id="P02768">albumin</protein-id> ratios increased gradually with age (r = 0.28, P = 0.052; r = 0.23, P = 0.114, respectively), but there was no significance.	CSF__albumin__no_interaction
10585525-1	The role of <compound-id="681">dopamine</compound-id> D(1) and D(2) receptors in the control of <compound-id="187">acetylcholine</compound-id> release in the dorsal striatum by endogenous <compound-id="681">dopamine</compound-id> was investigated by monitoring with microdialysis the effect of the separate or combined administration of the <protein-id="P21728">Dopamine D(1) receptor</protein-id> antagonist, <compound-id="107930">SCH 39166</compound-id> (-)-trans-6,7,7a,8,9, 13b-exahydro-3-chloro-<compound-id="97257">2-hydroxy-</compound-id>N-methyl-5H-benzo-[d]-nap <compound-id="444397">hto</compound-id>-[2, 1b]-<compound-id="6451476">azepine</compound-id> hydrochloride (50 microg/kg subcutaneous (s.c.)), of the <compound-id="681">dopamine</compound-id> D(2)/D(3) receptor agonist, quinpirole (trans-(-)-4aR, <compound-id="69255155">4a</compound-id>,5,6,7,8,8a,9-octahydro-5-propyl-1H-pyrazolo-(3,4-g)-<compound-id="7047">quinoline hydrochloride</compound-id>) (5 and 10 microg/kg s.c.), and of the D(3) receptor selective agonist, PD 128,907 [S(+)-(4aR,10bR)-3,4,<compound-id="69255155">4a</compound-id>, 10b-tetrahydro-4-propyl-2H,<compound-id="22361982">5H-[1]benzopyrano</compound-id>-[4,3-b]-1,4-<compound-id="12313776">oxazin</compound-id> -9-ol hydrochloride] (50 microg/kg s.c.), on in vivo <compound-id="681">dopamine</compound-id> and <compound-id="187">acetylcholine</compound-id> release.	acetylcholine__Dopamine D(1) receptor__no_interaction	5H-[1]benzopyrano__Dopamine D(1) receptor__no_interaction	hto__Dopamine D(1) receptor__no_interaction	oxazin__Dopamine D(1) receptor__no_interaction	SCH 39166__Dopamine D(1) receptor__no_interaction	azepine__Dopamine D(1) receptor__no_interaction	dopamine__Dopamine D(1) receptor__no_interaction	2-hydroxy-__Dopamine D(1) receptor__no_interaction	quinoline hydrochloride__Dopamine D(1) receptor__no_interaction	4a__Dopamine D(1) receptor__no_interaction
10587312-1	We report the solid phase synthesis and vasodepressor potencies of the novel hypotensive peptide [1(-beta-mercapto-beta,beta-<compound-id="9253">pentamethylene</compound-id> <compound-id="1032">propionic acid</compound-id>)-2-<compound-id="57020015">O-ethyl-D-tyrosine</compound-id>, 3-<compound-id="6322,90867653">arginine</compound-id>, <compound-id="22796635">4-valine</compound-id>] <compound-id="6322,90867653">arginine</compound-id> vasopressin, d(CH2)5[D-<compound-id="6057">Tyr</compound-id>(Et)2, Arg3, Val4]<protein-id="P01186">AVP</protein-id> (A), its related Lys3 (B), <compound-id="6057">Tyr</compound-id>-NH(9)2 (C), [Lys3, <compound-id="6057">Tyr</compound-id>-NH(9)2 (D) analogs and in a preliminary structure-activity study of positions 2-4 and 7-9, 24 analogs (1-24) of A-C. Peptides 1-6, 9-14 have the following single substituents at positions 2, 3, 4, 8 and 9 in (A): 1, D-<compound-id="6057">Tyr</compound-id>(Me)2; 2, L-<compound-id="6057">Tyr</compound-id>(Et)2; 3, Orn3; 4, N-Me-Arg3; 5, Glu3; 6, Arg4; 9, D-Arg8; 10, Eda9; 11, Arg-NH(9)2; 12, Ala-NH(9)2; 13, desGly9; 14, desGly-NH(9)2.	pentamethylene__AVP__no_interaction	propionic acid__AVP__no_interaction	O-ethyl-D-tyrosine__AVP__no_interaction	arginine__AVP__no_interaction	4-valine__AVP__no_interaction	Tyr__AVP__no_interaction
10587445-2	It reveals that (i) D1-D2-Cyt b(559) complexes either in solubilized form or incorporated into liposomes contain only one type of Cyt b(559) with E(m) values of 60 +/- 5 and 100 +/- 10 mV, respectively, at pH 6.8; (ii) in <compound-id="977">oxygen</compound-id>-evolving solubilized <protein-id="P49810,E5RG63">PS II</protein-id> core complexes Cyt b(559) exists predominantly (>85%) as an LP form with an E(m,7) of 125 +/- 10 mV and a minor fraction with an E(m,7) of -150 +/- 15 mV; (iii) in <compound-id="977">oxygen</compound-id>-evolving <protein-id="P49810,E5RG63">PS II</protein-id> membrane fragments three different redox forms are discernible with E(m) values of 390 +/- 15 mV (HP form), 230 +/- 20 mV (IP form), and 105 +/- 25 mV (LP form) and relative amplitudes of 58, 24, and 18%, respectively, at pH 7.3; (iv) the E(m) values are almost pH-independent between pH 6 and 9.5 in all sample types except D1-D2-Cyt b(559) complexes incorporated into liposomes with a slope of -29 mV/pH unit, when the pH increases from 6 to 9.5 (IP and LP form in <protein-id="P49810,E5RG63">PS II</protein-id> membrane fragments possibly within a restricted range from pH 6.5 to 8); (v) at pH >8 the HP Cyt b(559) progressively converts to the IP form with increasing pH; (vi) the reduced-minus-oxidized optical difference spectra of Cyt b(559) are very similar in the lambda range of 360-700 nm for all types except for the HP form which exhibits pronounced differences in the Soret band; and (vii) <protein-id="P49810,E5RG63">PS II</protein-id> membrane fragments and core complexes are inferred to contain about two Cyt b(559) hemes per <protein-id="P49810,E5RG63">PS II</protein-id>.	oxygen__PS II__no_interaction
